name, success, samples, startup, setup, experiment, maxResidency
hover, True, 100, 9.766511258000001, 0.0, 1.6180025800000002, 190MB
edit, True, 100, 9.762082564, 0.0, 50.542207524000005, 186MB
getDefinition, True, 100, 9.974752379, 0.0, 2.110695161, 190MB
hover after edit, True, 100, 10.113619063, 0.0, 2.113916536, 206MB
completions after edit, True, 100, 9.904924541, 0.0, 5.61266797, 187MB
code actions, True, 100, 10.051542199, 0.81273593, 1.915469405, 213MB
code actions after edit, True, 100, 9.947243228000001, 0.0, 21.351974664, 206MB
documentSymbols after edit, True, 100, 16.334652035, 0.0, 1.7325546250000001, 322MB
